Query_ID	Target_ID	Optimal_offset	p-value	E-value	q-value	Overlap	Query_consensus	Target_consensus	Orientation
CACGTCCRCVCG	NAC_tnt.ANAC047_colamp_a_d1	0	1.96308e-06	0.00193363	0.00376635	5	CACGTCCGCACG	CACGT	+
CACGTCCRCVCG	NAC_tnt.ATAF1_colamp_a_d1	0	0.000193258	0.19036	0.0351901	5	CACGTCCGCACG	TACGT	-
CACGTCCRCVCG	PIF4	1	0.000199932	0.196933	0.0351901	7	CACGTCCGCACG	GCACGTGC	+
CACGTCCRCVCG	bZIP_tnt.GBF3_col_m1	3	0.000215383	0.212153	0.0351901	12	CACGTCCGCACG	TGCCACGTCAGCATT	+
CACGTCCRCVCG	bZIP_tnt.GBF5_col_v3a_m1	3	0.000215383	0.212153	0.0351901	12	CACGTCCGCACG	TGCCACGTCAGCATT	-
CACGTCCRCVCG	bZIP_tnt.bZIP68_col_a_m1	3	0.000245018	0.241342	0.0351901	12	CACGTCCGCACG	TGCCACGTCAGCATC	+
CACGTCCRCVCG	bZIP_tnt.GBF5_colamp_a_m1	3	0.000245018	0.241342	0.0351901	12	CACGTCCGCACG	TGCCACGTCAGCATT	-
CACGTCCRCVCG	bZIP_tnt.bZIP16_colamp_a_m1	3	0.000245018	0.241342	0.0351901	12	CACGTCCGCACG	TGCCACGTCAGCATT	-
CACGTCCRCVCG	bZIP_tnt.bZIP3_col_a_m1	3	0.000245018	0.241342	0.0351901	12	CACGTCCGCACG	TGCCACGTCAGCATC	-
CACGTCCRCVCG	bZIP_tnt.GBF6_colamp_a_m1	3	0.000261239	0.257321	0.0351901	12	CACGTCCGCACG	TGCCACGTCAGCATT	-
CACGTCCRCVCG	bZIP_tnt.ABI5_colamp_v3b_m1	3	0.00027847	0.274293	0.0351901	12	CACGTCCGCACG	TGCCACGTCACCATT	-
CACGTCCRCVCG	MYC4	1	0.000304075	0.299514	0.0351901	7	CACGTCCGCACG	ACACGTGC	+
CACGTCCRCVCG	bZIP_tnt.bZIP48_col_a_m1	2	0.000325301	0.320422	0.0351901	12	CACGTCCGCACG	GCCACGTCAGCATC	+
CACGTCCRCVCG	BES1_tnt.BAM8_colamp_a_m1	3	0.000358716	0.353335	0.0351901	12	CACGTCCGCACG	TCACACGTGTGAACT	-
CACGTCCRCVCG	bZIP_tnt.bZIP42_col_a_m1	2	0.000400417	0.394411	0.0351901	10	CACGTCCGCACG	GCCACGTCAGCA	-
CACGTCCRCVCG	bZIP_tnt.bZIP44_colamp_a_m1	2	0.000404163	0.3981	0.0351901	11	CACGTCCGCACG	GCCACGTCAGCAT	-
CACGTCCRCVCG	bZIP_tnt.bZIP44_col_m1	3	0.000406585	0.400486	0.0351901	12	CACGTCCGCACG	TGCCACGTCAGCATC	-
CACGTCCRCVCG	bZIP_tnt.bZIP43_col_a_m1	2	0.000426329	0.419935	0.0351901	10	CACGTCCGCACG	GCCACGTCAGCA	+
CACGTCCRCVCG	bZIP_tnt.bZIP42_colamp_a_m1	3	0.000457533	0.45067	0.0351901	10	CACGTCCGCACG	TGCCACGTCAGCA	+
CACGTCCRCVCG	bZIP_tnt.bZIP16_col_v3a_m1	3	0.000460435	0.453528	0.0351901	12	CACGTCCGCACG	TGCCACGTGACCATT	-
CACGTCCRCVCG	bZIP_tnt.bZIP53_col_m1	3	0.000460435	0.453528	0.0351901	12	CACGTCCGCACG	TGCCACGTCAGCATC	-
CACGTCCRCVCG	BZR_tnt.At4g18890_colamp_a_m1	3	0.000478221	0.471047	0.0351901	8	CACGTCCGCACG	TCACACGTGCG	-
CACGTCCRCVCG	bZIP_tnt.GBF6_col_m1	3	0.000489817	0.48247	0.0351901	12	CACGTCCGCACG	TGCCACGTCAGCATC	+
CACGTCCRCVCG	bZIP_tnt.bZIP48_colamp_a_m1	3	0.000489817	0.48247	0.0351901	12	CACGTCCGCACG	TGCCACGTCAGCATT	+
CACGTCCRCVCG	bZIP_tnt.bZIP53_colamp_a_m1	3	0.000489817	0.48247	0.0351901	12	CACGTCCGCACG	TGCCACGTCAGCATA	-
CACGTCCRCVCG	bZIP_tnt.ABI5_col_v3h_m1	5	0.00050753	0.499917	0.0351901	12	CACGTCCGCACG	ACTGCCACGTCACCATTT	-
CACGTCCRCVCG	PIF5	1	0.000536478	0.528431	0.0351901	7	CACGTCCGCACG	GCACGTGC	+
CACGTCCRCVCG	BZR_tnt.At4g18890_col_a_m1	3	0.000579994	0.571294	0.0351901	8	CACGTCCGCACG	TCACACGTGCG	-
CACGTCCRCVCG	bZIP_tnt.bZIP28_col_a_m1	3	0.000588935	0.580101	0.0351901	12	CACGTCCGCACG	TGCCACGTCATCATT	-
CACGTCCRCVCG	BZR_tnt.At1g78700_col_a_m1	3	0.000618211	0.608937	0.0351901	8	CACGTCCGCACG	CCACACGTGCG	-
CACGTCCRCVCG	bZIP_tnt.GBF3_colamp_m1	3	0.000625976	0.616587	0.0351901	12	CACGTCCGCACG	TGCCACGTGACCATT	-
CACGTCCRCVCG	BZR_tnt.BZR1_col_a_m1	3	0.000635063	0.625537	0.0351901	12	CACGTCCGCACG	CCACACGTGCGACTTTTTTT	+
CACGTCCRCVCG	BZR_tnt.At4g36780_colamp_a_m1	3	0.000641957	0.632327	0.0351901	11	CACGTCCGCACG	TCACACGTGTGCAT	+
CACGTCCRCVCG	BZR_tnt.At4g36780_col_a_m1	3	0.000796014	0.784074	0.0413399	8	CACGTCCGCACG	TCACACGTGCG	+
CACGTCCRCVCG	BES1_tnt.BAM8_col_a_m1	3	0.000797238	0.785279	0.0413399	12	CACGTCCGCACG	TCACACGTGTGAACT	+

# Tomtom (Motif Comparison Tool): Version 5.5.6 compiled on Aug  9 2024 at 02:23:27
# The format of this file is described at http://localhost:8080/meme_5.5.6/doc/tomtom-output-format.html.
# tomtom -o tomtom_results_over_under_100_patience50_euc_q_value/SAJA_under_tomtom_output -eps -png -thresh 0.05 -dist ed results_over_under_100_patience50/SAJA_under_meme_output/meme.html ARABD/ArabidopsisDAPv1.meme ARABD/ArabidopsisPBM_20140210.meme
