,Condition,Query_ID,TF,Target_ID,E-value,q-value,p-value
0,ABA_JA_down,TWTTTWTTTTTT,OBP3,C2C2dof_tnt.OBP3_col_a_m1,5.70e-03,8.88e-03,5.78e-06
1,ABA_JA_down,TWTTTWTTTTTT,AT1G69570,C2C2dof_tnt.AT1G69570_col_a_m1,9.10e-03,8.88e-03,9.24e-06
2,ABA_JA_down,TWTTTWTTTTTT,CDF3,C2C2dof_tnt.CDF3_colamp_a_m1,5.65e-02,9.19e-03,5.74e-05
3,ABA_JA_down,TWTTTWTTTTTT,NTM1,NAC_tnt.NTM1_colamp_a_m1,5.59e-02,9.19e-03,5.68e-05
4,ABA_JA_down,TWTTTWTTTTTT,COG1,C2C2dof_tnt.COG1_col_a_m1,5.59e-02,9.19e-03,5.68e-05
5,ABA_JA_down,TWTTTWTTTTTT,AT5G02460,C2C2dof_tnt.AT5G02460_col_a_m1,5.11e-02,9.19e-03,5.18e-05
6,ABA_JA_down,TWTTTWTTTTTT,AT5G66940,C2C2dof_tnt.AT5G66940_colamp_a_m1,5.59e-02,9.19e-03,5.68e-05
7,ABA_JA_down,TWTTTWTTTTTT,REM19,REM_tnt.REM19_colamp_a_m1,3.86e-02,9.19e-03,3.92e-05
8,ABA_JA_down,TWTTTWTTTTTT,REM19,REM_tnt.REM19_col_a_m1,2.50e-02,9.19e-03,2.54e-05
9,ABA_JA_up,GACACGTGKC,bHLH104,bHLH_tnt.bHLH104_col_b_m1,2.34e-05,2.39e-05,2.38e-08
10,ABA_JA_up,GACACGTGKC,bHLH34,bHLH_tnt.bHLH34_colamp_a_m1,4.40e-05,2.39e-05,4.47e-08
11,ABA_JA_up,GACACGTGKC,bHLH34,bHLH_tnt.bHLH34_col_m1,5.13e-05,2.39e-05,5.21e-08
12,ABA_JA_up,GACACGTGKC,bHLH31,bHLH_tnt.bHLH31_col_m1,1.39e-04,4.09e-05,1.41e-07
13,ABA_JA_up,GACACGTGKC,AREB3,bZIP_tnt.AREB3_col_v31_m1,1.71e-04,4.09e-05,1.74e-07
14,ABA_JA_up,GACACGTGKC,AREB3,bZIP_tnt.AREB3_colamp_a_m1,1.97e-04,4.09e-05,2.00e-07
15,ABA_JA_up,GACACGTGKC,ABF2,bZIP_tnt.ABF2_col_v3a_m1,2.89e-04,5.03e-05,2.93e-07
16,ABA_JA_up,GACACGTGKC,GT3a,Trihelix_tnt.GT3a_col_a_m1,2.96e-04,5.03e-05,3.01e-07
17,ABA_JA_up,GACACGTGKC,bHLH18,bHLH_tnt.bHLH18_col_a_m1,5.69e-04,7.59e-05,5.78e-07
18,ABA_down,AAAAAAATAWAA,REM19,REM_tnt.REM19_col_a_m1,5.22e-05,1.02e-04,5.30e-08
19,ABA_down,TTTTTTTTTTTT,OBP3,C2C2dof_tnt.OBP3_col_a_m1,4.73e-04,3.09e-04,4.80e-07
20,ABA_down,TTTTTTTTTTTT,REM19,REM_tnt.REM19_colamp_a_m1,2.23e-04,3.09e-04,2.26e-07
21,ABA_down,TTTTTTTTTTTT,VRN1,ABI3VP1_tnt.VRN1_colamp_a_m1,3.79e-04,3.09e-04,3.85e-07
22,ABA_down,TTTTTTTTTTTT,VRN1,ABI3VP1_tnt.VRN1_col_a_m1,6.65e-04,3.26e-04,6.75e-07
23,ABA_down,TTTTTTTTTTTT,AT1G69570,C2C2dof_tnt.AT1G69570_col_a_m1,1.08e-03,3.86e-04,1.10e-06
24,ABA_down,TTTTTTTTTTTT,REM19,REM_tnt.REM19_col_a_m1,1.18e-03,3.86e-04,1.20e-06
25,ABA_down,AAAAAAATAWAA,REM19,REM_tnt.REM19_colamp_a_m1,1.85e-03,1.21e-03,1.88e-06
26,ABA_down,AAAAAAATAWAA,VRN1,ABI3VP1_tnt.VRN1_col_a_m1,1.39e-03,1.21e-03,1.41e-06
27,ABA_up,AAAAAAAAAAAA,VRN1,ABI3VP1_tnt.VRN1_col_a_m1,5.56e-06,1.09e-05,5.64e-09
28,ABA_up,AAAAAAAAAAAA,REM19,REM_tnt.REM19_colamp_a_m1,1.86e-05,1.82e-05,1.89e-08
29,ABA_up,AAAAAAAAAAAA,REM19,REM_tnt.REM19_col_a_m1,5.15e-05,3.36e-05,5.23e-08
30,ABA_up,DGACACGTGK,At4g18890,BZR_tnt.At4g18890_col_a_m1,2.02e-04,4.81e-05,2.05e-07
31,ABA_up,DGACACGTGK,bHLH31,bHLH_tnt.bHLH31_col_m1,7.76e-05,4.81e-05,7.88e-08
32,ABA_up,DGACACGTGK,bHLH34,bHLH_tnt.bHLH34_col_m1,1.75e-04,4.81e-05,1.78e-07
33,ABA_up,DGACACGTGK,bHLH34,bHLH_tnt.bHLH34_colamp_a_m1,1.51e-04,4.81e-05,1.53e-07
34,ABA_up,DGACACGTGK,bHLH104,bHLH_tnt.bHLH104_col_b_m1,1.38e-04,4.81e-05,1.41e-07
35,ABA_up,DGACACGTGK,BAM8,BES1_tnt.BAM8_col_a_m1,3.38e-04,4.86e-05,3.43e-07
36,JA_down,TTTTWTTTTTTT,REM19,REM_tnt.REM19_colamp_a_m1,2.05e-03,2.95e-03,2.08e-06
37,JA_down,TTTTWTTTTTTT,VRN1,ABI3VP1_tnt.VRN1_colamp_a_m1,3.90e-03,2.95e-03,3.96e-06
38,JA_down,TTTTWTTTTTTT,REM19,REM_tnt.REM19_col_a_m1,4.54e-03,2.95e-03,4.61e-06
39,JA_down,AAAAAAAWAAAA,REM19,REM_tnt.REM19_col_a_m1,6.04e-03,3.96e-03,6.14e-06
40,JA_down,AAAAAAAWAAAA,VRN1,ABI3VP1_tnt.VRN1_col_a_m1,5.94e-03,3.96e-03,6.03e-06
41,JA_down,AAAAAAAWAAAA,REM19,REM_tnt.REM19_colamp_a_m1,5.01e-03,3.96e-03,5.08e-06
42,JA_down,TTTTWTTTTTTT,OBP3,C2C2dof_tnt.OBP3_col_a_m1,8.94e-03,4.15e-03,9.07e-06
43,JA_down,TTTTWTTTTTTT,VRN1,ABI3VP1_tnt.VRN1_col_a_m1,1.06e-02,4.15e-03,1.08e-05
44,JA_down,RGAGAGAGTGRG,FRS9,ND_tnt.FRS9_col_a_m1,4.74e-03,4.74e-03,4.82e-06
45,JA_up,RGACACGTGKC,AREB3,bZIP_tnt.AREB3_colamp_a_m1,4.54e-06,5.01e-06,4.61e-09
46,JA_up,RGACACGTGKC,AREB3,bZIP_tnt.AREB3_col_v31_m1,5.38e-06,5.01e-06,5.47e-09
47,JA_up,RGACACGTGKC,ABF2,bZIP_tnt.ABF2_col_v3a_m1,1.64e-05,1.02e-05,1.66e-08
48,JA_up,CACGTG,At4g36780,BZR_tnt.At4g36780_col_a_m1,5.88e-05,1.85e-05,5.97e-08
49,JA_up,CACGTG,At4g18890,BZR_tnt.At4g18890_col_a_m1,5.88e-05,1.85e-05,5.97e-08
50,JA_up,CACGTG,At1g78700,BZR_tnt.At1g78700_col_a_m1,5.88e-05,1.85e-05,5.97e-08
51,JA_up,RGACACGTGKC,bHLH34,bHLH_tnt.bHLH34_colamp_a_m1,4.76e-05,2.15e-05,4.84e-08
52,JA_up,RGACACGTGKC,bHLH104,bHLH_tnt.bHLH104_col_b_m1,5.78e-05,2.15e-05,5.87e-08
53,JA_up,CACGTG,At1g78700,BZR_tnt.At1g78700_colamp_a_m1,9.80e-05,2.31e-05,9.95e-08
54,SA_JA_down,WWWWWWTWWWTA,AHL12_3ary,AHL12_3ary,3.86e-07,3.82e-07,3.92e-10
55,SA_JA_down,WWWWWWTWWWTA,AHL25_3ary,AHL25_3ary,1.80e-03,1.19e-03,1.83e-06
56,SA_JA_down,WWWWWWTWWWTA,AHL20_3ary,AHL20_3ary,4.54e-03,1.80e-03,4.61e-06
57,SA_JA_down,WWWWWWTWWWTA,AHL12_2,AHL12_2,9.17e-03,2.15e-03,9.31e-06
58,SA_JA_down,WWWWWWTWWWTA,AHL25_2,AHL25_2,1.09e-02,2.15e-03,1.10e-05
59,SA_JA_down,WWWWWWTWWWTA,ATHB23,ZFHD_tnt.ATHB23_col_b_m1,8.98e-02,1.62e-02,9.11e-05
60,SA_JA_down,WWWWWWTWWWTA,AHL20_2,AHL20_2,1.32e-01,2.17e-02,1.34e-04
61,SA_JA_down,WWWWWWTWWWTA,AHL25,AHL25,2.01e-01,2.84e-02,2.04e-04
62,SA_JA_down,GYGGBGCSSGSG,AT1G71450,AP2EREBP_tnt.AT1G71450_col_a_m1,7.58e-02,2.94e-02,7.70e-05
63,SA_JA_up,WWWWWWATWWWW,AHL12_2,AHL12_2,1.11e-05,1.10e-05,1.13e-08
64,SA_JA_up,WWWWWWATWWWW,AHL20_3ary,AHL20_3ary,2.21e-02,1.09e-02,2.25e-05
65,SA_JA_up,WWWWWWATWWWW,AHL12_3ary,AHL12_3ary,9.18e-02,3.02e-02,9.32e-05
66,SA_JA_up,CGBCGRCGYCG,ERF105,AP2EREBP_tnt.ERF105_col_m1,4.81e-01,3.65e-02,4.89e-04
67,SA_JA_up,CGBCGRCGYCG,ERF104,AP2EREBP_tnt.ERF104_col_a_m1,4.07e-01,3.65e-02,4.13e-04
68,SA_JA_up,CGBCGRCGYCG,PUCHI,AP2EREBP_tnt.PUCHI_colamp_a_m1,3.81e-01,3.65e-02,3.87e-04
69,SA_JA_up,CGBCGRCGYCG,AT4G18450,AP2EREBP_tnt.AT4G18450_col_a_m1,3.80e-01,3.65e-02,3.85e-04
70,SA_JA_up,CGBCGRCGYCG,ERF115,AP2EREBP_tnt.ERF115_col_a_m1,3.58e-01,3.65e-02,3.64e-04
71,SA_JA_up,CGBCGRCGYCG,ESE1,AP2EREBP_tnt.ESE1_colamp_a_m1,3.56e-01,3.65e-02,3.62e-04
72,SA_down,TTTTTWTTWTTT,REM19,REM_tnt.REM19_col_a_m1,5.89e-04,9.74e-04,5.98e-07
73,SA_down,TTTTTWTTWTTT,REM19,REM_tnt.REM19_colamp_a_m1,9.95e-04,9.74e-04,1.01e-06
74,SA_down,TTTTTWTTWTTT,VRN1,ABI3VP1_tnt.VRN1_col_a_m1,2.29e-03,1.17e-03,2.33e-06
75,SA_down,TTTTTWTTWTTT,VRN1,ABI3VP1_tnt.VRN1_colamp_a_m1,2.39e-03,1.17e-03,2.43e-06
76,SA_down,AAAAWAAWAAWA,VRN1,ABI3VP1_tnt.VRN1_col_a_m1,2.07e-03,4.06e-03,2.10e-06
77,SA_down,TTTTTWTTWTTT,AT1G69570,C2C2dof_tnt.AT1G69570_col_a_m1,2.20e-02,8.63e-03,2.24e-05
78,SA_down,AAAAWAAWAAWA,REM19,REM_tnt.REM19_col_a_m1,1.86e-02,9.14e-03,1.89e-05
79,SA_down,AAAAWAAWAAWA,At4g38000,C2C2dof_tnt.At4g38000_col_a_m1,1.55e-02,9.14e-03,1.57e-05
80,SA_down,AAAAWAAWAAWA,REM19,REM_tnt.REM19_colamp_a_m1,1.42e-02,9.14e-03,1.45e-05
81,SA_up,AAWAAAAWAAA,REM19,REM_tnt.REM19_col_a_m1,8.74e-03,7.64e-03,8.87e-06
82,SA_up,AAWAAAAWAAA,VRN1,ABI3VP1_tnt.VRN1_colamp_a_m1,1.05e-02,7.64e-03,1.07e-05
83,SA_up,AAWAAAAWAAA,REM19,REM_tnt.REM19_colamp_a_m1,1.16e-02,7.64e-03,1.18e-05
84,SA_up,AAWAAAAWAAA,VRN1,ABI3VP1_tnt.VRN1_col_a_m1,2.43e-02,1.20e-02,2.47e-05
85,SA_up,TTWWWTWTWTWT,AHL12_3ary,AHL12_3ary,1.25e-02,1.23e-02,1.27e-05
86,SA_up,AAWAAAAWAAA,OBP3,C2C2dof_tnt.OBP3_col_a_m1,1.23e-01,4.42e-02,1.25e-04
87,SA_up,AAWAAAAWAAA,AT1G69570,C2C2dof_tnt.AT1G69570_col_a_m1,1.34e-01,4.42e-02,1.36e-04
88,SA_up,AAWAAAAWAAA,AT1G69570,C2C2dof_tnt.AT1G69570_colamp_a_m1,1.71e-01,4.82e-02,1.73e-04
