;Condition;Query_ID;TF;Target_ID;E-value;q-value;p-value
0;ABAJA_under;TAGATCTAGWTC;GATA6;C2C2gata_tnt.GATA6_col200_a_m1;7.12e-03;1.42e-02;7.23e-06
1;ABAJA_under;TAGATCTAGWTC;GATA14;C2C2gata_tnt.GATA14_col_a_m1;6.02e-02;4.78e-02;6.11e-05
2;ABAJA_under;TAGATCTAGWTC;GATA12;C2C2gata_tnt.GATA12_col_a_m1;7.17e-02;4.78e-02;7.28e-05
3;ABAJA_under;RGRAGGARRRAG;TF3A;C2H2_tnt.TF3A_col_a_m1;2.49e-02;4.98e-02;2.53e-05
4;ABA_under;TCATCCTCATCC;ZML1;C2C2gata_tnt.ZML1_col_a_m1;8.36e-04;1.67e-03;8.49e-07
5;ABA_under;TCATCCTCATCT;ZML1;C2C2gata_tnt.ZML1_col_a_m1;9.13e-04;1.82e-03;9.27e-07
6;ABA_under;TCATCCTCATCT;ZML2;C2C2gata_tnt.ZML2_col_a_m1;9.11e-03;9.10e-03;9.24e-06
7;ABA_under;TCATCCTCATCC;ZML2;C2C2gata_tnt.ZML2_col_a_m1;1.08e-02;1.08e-02;1.10e-05
8;ABA_under;CTCRTCCTCATC;ZML1;C2C2gata_tnt.ZML1_col_a_m1;6.45e-03;1.29e-02;6.55e-06
9;ABA_under;TCATCCTCATCT;GATA15;C2C2gata_tnt.GATA15_col_b_m1;4.79e-02;3.19e-02;4.86e-05
10;ABA_under;TCATCCTCATCC;GATA15;C2C2gata_tnt.GATA15_col_b_m1;4.91e-02;3.26e-02;4.98e-05
11;JA_over;CTTTTTTTTTTT;VRN1;ABI3VP1_tnt.VRN1_col_a_m1;1.67e-05;3.27e-05;1.70e-08
12;JA_over;CTTTTTTTTTTT;VRN1;ABI3VP1_tnt.VRN1_colamp_a_m1;6.48e-05;6.34e-05;6.58e-08
13;JA_over;CTTTTTTTTTTT;REM19;REM_tnt.REM19_colamp_a_m1;1.62e-04;1.06e-04;1.64e-07
14;JA_over;CYTTTTTTTTTT;VRN1;ABI3VP1_tnt.VRN1_colamp_a_m1;6.81e-05;1.34e-04;6.91e-08
15;JA_over;CYTTTTTTTTTT;VRN1;ABI3VP1_tnt.VRN1_col_a_m1;4.15e-04;2.74e-04;4.22e-07
16;JA_over;CYTTTTTTTTTT;REM19;REM_tnt.REM19_colamp_a_m1;3.94e-04;2.74e-04;4.00e-07
17;JA_over;CTTTTTTTTTTT;REM19;REM_tnt.REM19_col_a_m1;1.20e-03;5.86e-04;1.22e-06
18;JA_over;CYTTTTTTTTTT;REM19;REM_tnt.REM19_col_a_m1;1.76e-03;8.71e-04;1.79e-06
19;JA_over;CYCTTTTTTTTT;VRN1;ABI3VP1_tnt.VRN1_colamp_a_m1;9.22e-04;1.83e-03;9.36e-07
20;JA_over;CYCTTTTTTTTT;VRN1;ABI3VP1_tnt.VRN1_col_a_m1;7.38e-03;3.71e-03;7.49e-06
21;JA_over;CYCTTTTTTTTT;REM19;REM_tnt.REM19_col_a_m1;7.48e-03;3.71e-03;7.59e-06
22;JA_over;CYCTTTTTTTTT;REM19;REM_tnt.REM19_colamp_a_m1;4.17e-03;3.71e-03;4.23e-06
23;JA_over;CTTTTTTTTTTT;AT1G69570;C2C2dof_tnt.AT1G69570_col_a_m1;3.19e-02;1.20e-02;3.24e-05
24;JA_over;CTTTTTTTTTTT;OBP3;C2C2dof_tnt.OBP3_col_a_m1;3.69e-02;1.20e-02;3.75e-05
25;JA_over;CTTTTTTTTTTT;AT1G69570;C2C2dof_tnt.AT1G69570_colamp_a_m1;6.57e-02;1.84e-02;6.67e-05
26;JA_over;CTTTTTTTTTTT;CDF3;C2C2dof_tnt.CDF3_colamp_a_m1;9.98e-02;2.44e-02;1.01e-04
27;JA_over;CTTTTTTTTTTT;AT5G66940;C2C2dof_tnt.AT5G66940_colamp_a_m1;1.38e-01;2.59e-02;1.40e-04
28;JA_over;CTTTTTTTTTTT;COG1;C2C2dof_tnt.COG1_col_a_m1;1.56e-01;2.59e-02;1.58e-04
29;JA_over;CTTTTTTTTTTT;At3g45610;C2C2dof_tnt.At3g45610_col_a_m1;1.72e-01;2.59e-02;1.74e-04
30;JA_over;CTTTTTTTTTTT;At5g62940;C2C2dof_tnt.At5g62940_col_a_m1;1.76e-01;2.59e-02;1.78e-04
31;JA_over;CTTTTTTTTTTT;At1g64620;C2C2dof_tnt.At1g64620_100ng20cy_b_m1;1.93e-01;2.59e-02;1.96e-04
32;JA_over;CTTTTTTTTTTT;AT3G52440;C2C2dof_tnt.AT3G52440_colamp_a_m1;1.98e-01;2.59e-02;2.01e-04
33;JA_over;CTTTTTTTTTTT;NTM1;NAC_tnt.NTM1_colamp_a_m1;1.98e-01;2.59e-02;2.01e-04
34;JA_over;CTTTTTTTTTTT;CDF3;C2C2dof_tnt.CDF3_col_a_m1;2.30e-01;2.65e-02;2.34e-04
35;JA_over;CTTTTTTTTTTT;dof42;C2C2dof_tnt.dof42_col_a_m1;2.30e-01;2.65e-02;2.34e-04
36;JA_over;CTTTTTTTTTTT;Adof1;C2C2dof_tnt.Adof1_col_a_m1;2.66e-01;2.81e-02;2.70e-04
37;JA_over;CTTTTTTTTTTT;OBP4;C2C2dof_tnt.OBP4_colamp_a_m1;2.74e-01;2.81e-02;2.79e-04
38;JA_over;CTTTTTTTTTTT;dof24;C2C2dof_tnt.dof24_colamp_a_m1;2.87e-01;2.81e-02;2.92e-04
39;JA_over;CTTTTTTTTTTT;Adof1;C2C2dof_tnt.Adof1_colamp_a_m1;3.56e-01;3.32e-02;3.61e-04
40;JA_over;CTTTTTTTTTTT;AT5G02460;C2C2dof_tnt.AT5G02460_colamp_a_m1;3.87e-01;3.45e-02;3.93e-04
41;JA_over;CTTTTTTTTTTT;AT2G28810;C2C2dof_tnt.AT2G28810_colamp_a_m1;5.62e-01;4.78e-02;5.70e-04
42;SAJA_over;CACGTCCRCVCG;ANAC047;NAC_tnt.ANAC047_colamp_a_d1;1.52e-02;1.72e-02;1.55e-05
43;SAJA_over;CACGTCCRCVCG;bZIP48;bZIP_tnt.bZIP48_col_a_m1;7.20e-02;1.72e-02;7.31e-05
44;SAJA_over;CACGTCCRCVCG;bZIP43;bZIP_tnt.bZIP43_col_a_m1;7.85e-02;1.72e-02;7.97e-05
45;SAJA_over;CACGTCCRCVCG;bZIP42;bZIP_tnt.bZIP42_col_a_m1;8.39e-02;1.72e-02;8.52e-05
46;SAJA_over;CACGTCCRCVCG;GBF5;bZIP_tnt.GBF5_col_v3a_m1;8.94e-02;1.72e-02;9.08e-05
47;SAJA_over;CACGTCCRCVCG;bZIP44;bZIP_tnt.bZIP44_col_m1;9.55e-02;1.72e-02;9.70e-05
48;SAJA_over;CACGTCCRCVCG;bZIP42;bZIP_tnt.bZIP42_colamp_a_m1;9.94e-02;1.72e-02;1.01e-04
49;SAJA_over;CACGTCCRCVCG;bZIP44;bZIP_tnt.bZIP44_colamp_a_m1;1.06e-01;1.72e-02;1.08e-04
50;SAJA_over;CACGTCCRCVCG;bZIP48;bZIP_tnt.bZIP48_colamp_a_m1;1.09e-01;1.72e-02;1.11e-04
51;SAJA_over;CACGTCCRCVCG;GBF5;bZIP_tnt.GBF5_colamp_a_m1;1.09e-01;1.72e-02;1.11e-04
52;SAJA_over;CACGTCCRCVCG;GBF6;bZIP_tnt.GBF6_col_m1;1.16e-01;1.72e-02;1.18e-04
53;SAJA_over;CACGTCCRCVCG;bZIP3;bZIP_tnt.bZIP3_col_a_m1;1.16e-01;1.72e-02;1.18e-04
54;SAJA_over;CACGTCCRCVCG;bZIP53;bZIP_tnt.bZIP53_col_m1;1.24e-01;1.72e-02;1.26e-04
55;SAJA_over;CACGTCCRCVCG;bZIP53;bZIP_tnt.bZIP53_colamp_a_m1;1.24e-01;1.72e-02;1.26e-04
56;SAJA_over;CACGTCCRCVCG;GBF6;bZIP_tnt.GBF6_colamp_a_m1;2.50e-01;3.23e-02;2.54e-04
57;SAJA_over;CACGTCCRCVCG;GBF3;bZIP_tnt.GBF3_col_m1;2.67e-01;3.23e-02;2.71e-04
58;SAJA_over;CACGTCCRCVCG;bZIP16;bZIP_tnt.bZIP16_colamp_a_m1;3.41e-01;3.88e-02;3.47e-04
59;SAJA_over;CACGTCCRCVCG;bZIP68;bZIP_tnt.bZIP68_col_a_m1;3.63e-01;3.88e-02;3.69e-04
60;SAJA_over;CACGTCCRCVCG;ABI5;bZIP_tnt.ABI5_colamp_v3b_m1;4.10e-01;3.88e-02;4.16e-04
61;SAJA_over;CACGTCCRCVCG;HY5;bZIP_tnt.HY5_colamp_v3a_m1;4.10e-01;3.88e-02;4.16e-04
62;SAJA_over;CACGTCCRCVCG;ATAF1;NAC_tnt.ATAF1_colamp_a_d1;4.20e-01;3.88e-02;4.26e-04
63;SAJA_under;CACGTCCRCVCG;ANAC047;NAC_tnt.ANAC047_colamp_a_d1;1.93e-03;3.77e-03;1.96e-06
64;SAJA_under;CACGTCCRCVCG;ATAF1;NAC_tnt.ATAF1_colamp_a_d1;1.90e-01;3.52e-02;1.93e-04
65;SAJA_under;CACGTCCRCVCG;PIF4;PIF4;1.97e-01;3.52e-02;2.00e-04
66;SAJA_under;CACGTCCRCVCG;GBF3;bZIP_tnt.GBF3_col_m1;2.12e-01;3.52e-02;2.15e-04
67;SAJA_under;CACGTCCRCVCG;GBF5;bZIP_tnt.GBF5_col_v3a_m1;2.12e-01;3.52e-02;2.15e-04
68;SAJA_under;CACGTCCRCVCG;bZIP68;bZIP_tnt.bZIP68_col_a_m1;2.41e-01;3.52e-02;2.45e-04
69;SAJA_under;CACGTCCRCVCG;GBF5;bZIP_tnt.GBF5_colamp_a_m1;2.41e-01;3.52e-02;2.45e-04
70;SAJA_under;CACGTCCRCVCG;bZIP16;bZIP_tnt.bZIP16_colamp_a_m1;2.41e-01;3.52e-02;2.45e-04
71;SAJA_under;CACGTCCRCVCG;bZIP3;bZIP_tnt.bZIP3_col_a_m1;2.41e-01;3.52e-02;2.45e-04
72;SAJA_under;CACGTCCRCVCG;GBF6;bZIP_tnt.GBF6_colamp_a_m1;2.57e-01;3.52e-02;2.61e-04
73;SAJA_under;CACGTCCRCVCG;ABI5;bZIP_tnt.ABI5_colamp_v3b_m1;2.74e-01;3.52e-02;2.78e-04
74;SAJA_under;CACGTCCRCVCG;MYC4;MYC4;3.00e-01;3.52e-02;3.04e-04
75;SAJA_under;CACGTCCRCVCG;bZIP48;bZIP_tnt.bZIP48_col_a_m1;3.20e-01;3.52e-02;3.25e-04
76;SAJA_under;CACGTCCRCVCG;BAM8;BES1_tnt.BAM8_colamp_a_m1;3.53e-01;3.52e-02;3.59e-04
77;SAJA_under;CACGTCCRCVCG;bZIP42;bZIP_tnt.bZIP42_col_a_m1;3.94e-01;3.52e-02;4.00e-04
78;SAJA_under;CACGTCCRCVCG;bZIP44;bZIP_tnt.bZIP44_colamp_a_m1;3.98e-01;3.52e-02;4.04e-04
79;SAJA_under;CACGTCCRCVCG;bZIP44;bZIP_tnt.bZIP44_col_m1;4.00e-01;3.52e-02;4.07e-04
80;SAJA_under;CACGTCCRCVCG;bZIP43;bZIP_tnt.bZIP43_col_a_m1;4.20e-01;3.52e-02;4.26e-04
81;SAJA_under;CACGTCCRCVCG;bZIP42;bZIP_tnt.bZIP42_colamp_a_m1;4.51e-01;3.52e-02;4.58e-04
82;SAJA_under;CACGTCCRCVCG;bZIP16;bZIP_tnt.bZIP16_col_v3a_m1;4.54e-01;3.52e-02;4.60e-04
83;SAJA_under;CACGTCCRCVCG;bZIP53;bZIP_tnt.bZIP53_col_m1;4.54e-01;3.52e-02;4.60e-04
84;SAJA_under;CACGTCCRCVCG;At4g18890;BZR_tnt.At4g18890_colamp_a_m1;4.71e-01;3.52e-02;4.78e-04
85;SAJA_under;CACGTCCRCVCG;GBF6;bZIP_tnt.GBF6_col_m1;4.82e-01;3.52e-02;4.90e-04
86;SAJA_under;CACGTCCRCVCG;bZIP48;bZIP_tnt.bZIP48_colamp_a_m1;4.82e-01;3.52e-02;4.90e-04
87;SAJA_under;CACGTCCRCVCG;bZIP53;bZIP_tnt.bZIP53_colamp_a_m1;4.82e-01;3.52e-02;4.90e-04
88;SAJA_under;CACGTCCRCVCG;ABI5;bZIP_tnt.ABI5_col_v3h_m1;5.00e-01;3.52e-02;5.08e-04
89;SAJA_under;CACGTCCRCVCG;PIF5;PIF5;5.28e-01;3.52e-02;5.36e-04
90;SAJA_under;CACGTCCRCVCG;At4g18890;BZR_tnt.At4g18890_col_a_m1;5.71e-01;3.52e-02;5.80e-04
91;SAJA_under;CACGTCCRCVCG;bZIP28;bZIP_tnt.bZIP28_col_a_m1;5.80e-01;3.52e-02;5.89e-04
92;SAJA_under;CACGTCCRCVCG;At1g78700;BZR_tnt.At1g78700_col_a_m1;6.09e-01;3.52e-02;6.18e-04
93;SAJA_under;CACGTCCRCVCG;GBF3;bZIP_tnt.GBF3_colamp_m1;6.17e-01;3.52e-02;6.26e-04
94;SAJA_under;CACGTCCRCVCG;BZR1;BZR_tnt.BZR1_col_a_m1;6.26e-01;3.52e-02;6.35e-04
95;SAJA_under;CACGTCCRCVCG;At4g36780;BZR_tnt.At4g36780_colamp_a_m1;6.32e-01;3.52e-02;6.42e-04
96;SAJA_under;CACGTCCRCVCG;At4g36780;BZR_tnt.At4g36780_col_a_m1;7.84e-01;4.13e-02;7.96e-04
97;SAJA_under;CACGTCCRCVCG;BAM8;BES1_tnt.BAM8_col_a_m1;7.85e-01;4.13e-02;7.97e-04
98;SA_over;SRCRCGYGCACG;PIF4;PIF4;4.20e-02;2.33e-02;4.26e-05
99;SA_over;SRCRCGYGCACG;MYC2;MYC2;4.70e-02;2.33e-02;4.77e-05
100;SA_over;SRCRCGYGCACG;MYC4;MYC4;8.11e-02;2.55e-02;8.23e-05
101;SA_over;SRCRCGYGCACG;PIF5;PIF5;9.02e-02;2.55e-02;9.15e-05
102;SA_over;SRCRCGYGCACG;MYC3;MYC3;1.51e-01;3.32e-02;1.53e-04
103;SA_under;SVCACGYGCACG;PIF4;PIF4;1.65e-02;1.18e-02;1.68e-05
104;SA_under;SVCACGYGCACG;MYC4;MYC4;1.85e-02;1.18e-02;1.88e-05
105;SA_under;SVCACGYGCACG;MYC2;MYC2;4.87e-02;1.18e-02;4.94e-05
106;SA_under;SVCACGYGCACG;PIF5;PIF5;4.87e-02;1.18e-02;4.94e-05
107;SA_under;SVCACGYGCACG;MYC3;MYC3;5.39e-02;1.18e-02;5.48e-05
108;SA_under;SVCACGYGCACG;At1g78700;BZR_tnt.At1g78700_col_a_m1;9.46e-02;1.86e-02;9.60e-05
109;SA_under;SVCACGYGCACG;At4g18890;BZR_tnt.At4g18890_colamp_a_m1;1.11e-01;1.99e-02;1.13e-04
110;SA_under;SVCACGYGCACG;At4g18890;BZR_tnt.At4g18890_col_a_m1;1.40e-01;2.31e-02;1.43e-04
111;SA_under;SVCACGYGCACG;At4g36780;BZR_tnt.At4g36780_col_a_m1;2.23e-01;3.38e-02;2.26e-04
112;SA_under;SVCACGYGCACG;At4g36780;BZR_tnt.At4g36780_colamp_a_m1;3.09e-01;4.26e-02;3.14e-04
113;SA_under;SVCACGYGCACG;At1g78700;BZR_tnt.At1g78700_colamp_a_m1;3.24e-01;4.26e-02;3.29e-04
